Ticker,Date,Open,Close,High,Low,Volume,Sector,Macro_GDP_Growth,Macro_Interest_Rate,Return,,
STK1,47:51.2,29,32,34,27,37224,Tech,0.04,0.01,0.103448276,,
STK1,47:51.2,22,21,22,20,11142,Finance,0.05,0.05,-0.045454545,,
STK1,47:51.2,24,25,27,22,29138,Finance,-0.01,0.04,0.041666667,,
STK1,47:51.2,29,33,34,27,14279,Healthcare,0.05,0.02,0.137931034,,
STK1,47:51.2,29,32,32,28,32182,Finance,-0.02,0.02,0.103448276,,
STK1,47:51.2,25,28,28,25,21669,Energy,0.05,0.04,0.12,,
STK1,47:51.2,29,25,30,25,43676,Healthcare,0.03,0.04,-0.137931034,,
STK1,47:51.2,23,27,29,23,24953,Energy,-0.01,0.03,0.173913043,,
STK1,47:51.2,31,34,35,30,13275,Finance,0.04,0.04,0.096774194,,
STK1,47:51.2,24,19,24,17,31841,Healthcare,0,0.05,-0.208333333,,
STK1,47:51.2,30,26,30,26,40933,Tech,0.05,0.04,-0.133333333,,
STK1,47:51.2,28,29,31,27,21714,Tech,0.05,0.01,0.035714286,,
STK1,47:51.2,23,19,23,19,25858,Finance,-0.01,0.03,-0.173913043,,
STK1,47:51.2,29,29,31,29,2724,Tech,0.02,0.02,0,,
STK1,47:51.2,24,25,25,23,6926,Healthcare,0.02,0.04,0.041666667,,
STK1,47:51.2,29,33,34,29,26860,Energy,0.05,0.01,0.137931034,,
STK1,47:51.2,31,27,33,27,4081,Tech,0.03,0.03,-0.129032258,,
STK1,47:51.2,23,26,26,23,20363,Finance,0.04,0.04,0.130434783,, 
STK1,47:51.2,22,25,26,22,24928,Healthcare,0,0.02,0.136363636,,
STK1,47:51.2,28,28,30,28,18081,Healthcare,0.01,0.04,0,, 
STK1,47:51.2,31,33,34,29,24705,Tech,0.03,0.01,0.064516129,,
STK1,47:51.2,28,27,29,26,39659,Healthcare,0.04,0.01,-0.035714286,,
STK1,47:51.2,28,29,29,27,4586,Healthcare,-0.01,0.02,0.035714286,,
STK1,47:51.2,25,23,26,22,17029,Finance,0.02,0.01,-0.08,,
STK1,47:51.2,24,19,26,18,13693,Healthcare,0,0.04,-0.208333333,,
STK1,47:51.2,27,26,29,24,17044,Healthcare,-0.01,0.04,-0.037037037,,
STK1,47:51.2,22,18,24,18,20194,Healthcare,0.03,0.05,-0.181818182,,
STK1,47:51.2,27,22,27,21,35051,Healthcare,0.03,0.01,-0.185185185,,
STK1,47:51.2,27,28,28,26,4471,Tech,-0.01,0.02,0.037037037,,
STK1,47:51.2,23,20,23,18,29272,Finance,0.04,0.02,-0.130434783,,
STK1,47:51.2,22,19,22,17,18833,Energy,0.01,0.04,-0.136363636,,
STK1,47:51.2,26,24,26,24,49201,Healthcare,0.01,0.02,-0.076923077,,
STK1,47:51.2,25,26,28,24,30312,Healthcare,0.03,0.04,0.04,,
STK1,47:51.2,27,30,32,27,46603,Tech,-0.02,0.01,0.111111111,,
STK1,47:51.2,27,28,30,25,20675,Finance,0,0.02,0.037037037,,
STK1,47:51.2,27,31,31,27,42800,Tech,0.04,0.01,0.148148148,,
STK1,47:51.2,23,27,29,23,16892,Healthcare,0,0.04,0.173913043,,
STK1,47:51.2,27,23,29,21,42903,Energy,0.01,0.04,-0.148148148,,
STK1,47:51.2,29,32,32,28,29228,Energy,0.03,0.02,0.103448276,,
STK1,47:51.2,22,19,24,19,30055,Healthcare,0,0.01,-0.136363636,,
STK1,47:51.2,23,22,25,21,16352,Energy,0.03,0.03,-0.043478261,,
STK1,47:51.2,29,25,30,23,47760,Energy,0.03,0.03,-0.137931034,,
STK1,47:51.2,27,27,28,27,48945,Tech,-0.01,0.04,0,,
STK1,47:51.2,30,26,31,25,12407,Healthcare,0.01,0.04,-0.133333333,,
STK1,47:51.2,29,31,32,27,49777,Energy,-0.02,0.04,0.068965517,,
STK1,47:51.2,28,27,29,25,10283,Finance,0.03,0.01,-0.035714286,,
STK1,47:51.2,29,28,31,27,15939,Finance,0,0.03,-0.034482759,,
STK1,47:51.2,31,35,35,29,35881,Tech,-0.01,0.02,0.129032258,,
STK1,47:51.2,22,26,28,21,49563,Energy,0.04,0.03,0.181818182,,
STK1,47:51.2,24,23,26,21,3551,Healthcare,0.02,0.02,-0.041666667,,
STK1,47:51.2,30,28,30,28,8239,Energy,0.02,0.02,-0.066666667,,
STK1,47:51.2,29,25,30,24,12531,Finance,0,0.04,-0.137931034,,
STK1,47:51.2,24,20,26,19,44936,Healthcare,-0.01,0.02,-0.166666667,,
STK1,47:51.2,26,25,27,24,6906,Healthcare,-0.01,0.04,-0.038461538,,
STK1,47:51.2,28,23,30,23,43870,Tech,0.03,0.04,-0.178571429,,
STK1,47:51.2,25,25,26,23,27170,Energy,-0.01,0.04,0,,
STK1,47:51.2,24,19,24,18,25217,Finance,0.01,0.05,-0.208333333,,
STK1,47:51.2,30,28,31,27,1645,Energy,0.03,0.05,-0.066666667,,
STK1,47:51.2,23,26,26,22,47037,Energy,0.04,0.03,0.130434783,,
STK1,47:51.2,26,28,29,25,31112,Tech,0.01,0.05,0.076923077,,
STK1,47:51.2,24,20,25,18,40864,Energy,0.02,0.02,-0.166666667,,
STK1,47:51.2,26,23,26,23,23433,Finance,0,0.01,-0.115384615,,
STK1,47:51.2,28,28,28,28,22447,Energy,0,0.04,0,,
STK1,47:51.2,25,29,29,23,48246,Energy,-0.02,0.04,0.16,,
STK1,47:51.2,26,24,27,24,34160,Energy,-0.02,0.05,-0.076923077,,
STK1,47:51.2,24,19,25,17,23746,Energy,-0.01,0.03,-0.208333333,,
STK1,47:51.2,27,25,27,24,47738,Finance,0.04,0.03,-0.074074074,,
STK1,47:51.2,22,25,26,21,48717,Energy,-0.01,0.04,0.136363636,,
STK1,47:51.2,24,21,25,19,25264,Healthcare,-0.02,0.05,-0.125,,
STK1,47:51.2,30,31,31,28,5493,Healthcare,0.03,0.03,0.033333333,,
STK1,47:51.2,29,24,30,24,7816,Healthcare,0,0.04,-0.172413793,,
STK1,47:51.2,26,23,26,21,27957,Finance,0.02,0.01,-0.115384615,,
STK1,47:51.2,29,25,29,25,25173,Finance,0.04,0.02,-0.137931034,,
STK1,47:51.2,28,23,29,21,1778,Healthcare,0.04,0.03,-0.178571429,,
STK1,47:51.2,26,25,26,23,8851,Tech,0.03,0.03,-0.038461538,,
STK1,47:51.2,30,28,32,28,21961,Healthcare,0.05,0.01,-0.066666667,,
STK1,47:51.2,28,30,31,27,43856,Energy,0.04,0.03,0.071428571,,
STK1,47:51.2,29,28,31,27,31483,Tech,0.03,0.02,-0.034482759,,
STK1,47:51.2,28,26,29,26,9770,Finance,0,0.02,-0.071428571,,
STK1,47:51.2,28,31,31,26,21389,Finance,0.04,0.01,0.107142857,,
STK1,47:51.2,27,31,33,25,20835,Finance,0.05,0.02,0.148148148,,
STK1,47:51.2,22,19,23,17,18839,Tech,0.01,0.03,-0.136363636,,
STK1,47:51.2,27,22,28,22,18543,Energy,0.04,0.02,-0.185185185,,
STK1,47:51.2,28,27,28,27,18087,Finance,0.01,0.01,-0.035714286,,
STK1,47:51.2,30,33,33,30,5648,Tech,-0.01,0.02,0.1,,
STK1,47:51.2,28,29,29,26,5492,Healthcare,0.03,0.05,0.035714286,,
STK1,47:51.2,22,24,26,22,43092,Healthcare,0.03,0.02,0.090909091,,
STK1,47:51.2,31,32,33,31,38383,Tech,0.02,0.01,0.032258065,,
STK1,47:51.2,28,23,30,22,47737,Finance,0.03,0.04,-0.178571429,,
STK1,47:51.2,25,21,25,19,35542,Healthcare,0.02,0.05,-0.16,,
STK1,47:51.2,31,28,33,28,6889,Energy,0.03,0.04,-0.096774194,,
STK1,47:51.2,24,28,29,23,5658,Finance,-0.01,0.02,0.166666667,,
STK1,47:51.2,24,22,25,20,12777,Tech,-0.02,0.03,-0.083333333,,
STK1,47:51.2,29,25,29,25,29669,Healthcare,0,0.03,-0.137931034,,
STK1,47:51.2,31,30,31,29,13336,Energy,0,0.04,-0.032258065,,
STK1,47:51.2,30,30,30,29,18514,Finance,0.01,0.01,0,,
STK1,47:51.2,30,29,31,28,37027,Healthcare,0.04,0.04,-0.033333333,,
STK1,47:51.2,30,31,33,29,2141,Healthcare,0.01,0.03,0.033333333,,
STK1,47:51.2,23,25,25,21,4267,Tech,0.04,0.02,0.086956522,,
STK1,47:51.2,25,22,25,21,41379,Finance,0.02,0.02,-0.12,,
STK2,47:51.2,140,135,141,135,14703,Finance,0.04,0.03,-0.035714286,,
STK2,47:51.2,145,140,147,140,19284,Finance,0.01,0.01,-0.034482759,,
STK2,47:51.2,142,140,143,138,8597,Finance,0.04,0.03,-0.014084507,,
STK2,47:51.2,142,138,143,136,3169,Tech,0.01,0.02,-0.028169014,,
STK2,47:51.2,142,143,144,141,7139,Tech,0.05,0.02,0.007042254,,
STK2,47:51.2,143,138,143,137,46123,Tech,-0.01,0.03,-0.034965035,,
STK2,47:51.2,141,141,141,139,11582,Energy,0,0.04,0,,
STK2,47:51.2,142,146,146,142,44949,Energy,0,0.05,0.028169014,,
STK2,47:51.2,146,144,148,144,35395,Energy,-0.01,0.03,-0.01369863,,
STK2,47:51.2,141,139,143,139,20554,Healthcare,0,0.02,-0.014184397,,
STK2,47:51.2,147,151,153,147,49980,Healthcare,-0.02,0.03,0.027210884,,
STK2,47:51.2,143,143,145,141,39975,Energy,0.04,0.04,0,,
STK2,47:51.2,145,144,146,142,27086,Healthcare,-0.02,0.04,-0.006896552,,
STK2,47:51.2,148,152,153,148,1882,Energy,0.02,0.01,0.027027027,,
STK2,47:51.2,143,143,145,141,41697,Healthcare,0,0.02,0,,
STK2,47:51.2,147,148,150,145,13991,Tech,0.01,0.04,0.006802721,,
STK2,47:51.2,144,140,146,138,7142,Energy,0.02,0.05,-0.027777778,,
STK2,47:51.2,148,150,150,148,3384,Tech,0,0.02,0.013513514,,
STK2,47:51.2,145,142,147,142,47092,Energy,0.02,0.05,-0.020689655,,
STK2,47:51.2,141,141,141,140,22162,Energy,0.03,0.02,0,,
STK2,47:51.2,144,140,144,138,21536,Finance,-0.02,0.05,-0.027777778,,
STK2,47:51.2,147,151,151,145,11886,Energy,0.03,0.04,0.027210884,,
STK2,47:51.2,140,139,140,139,8295,Tech,0.03,0.04,-0.007142857,,
STK2,47:51.2,141,143,145,141,22281,Finance,0,0.04,0.014184397,,
STK2,47:51.2,145,142,147,141,33955,Tech,0.05,0.01,-0.020689655,,
STK2,47:51.2,142,142,143,142,13449,Finance,0,0.03,0,,
STK2,47:51.2,141,137,142,137,11350,Energy,0,0.02,-0.028368794,,
STK2,47:51.2,147,148,149,146,39454,Energy,-0.02,0.03,0.006802721,,
STK2,47:51.2,146,141,146,141,23173,Tech,-0.02,0.02,-0.034246575,,
STK2,47:51.2,142,145,145,141,31750,Tech,0.03,0.04,0.021126761,,
STK2,47:51.2,149,153,154,148,16373,Finance,0.03,0.04,0.026845638,,
STK2,47:51.2,147,147,148,145,19691,Tech,0.04,0.04,0,,
STK2,47:51.2,146,142,147,141,49766,Energy,0,0.03,-0.02739726,,
STK2,47:51.2,148,143,149,143,32897,Finance,0,0.04,-0.033783784,,
STK2,47:51.2,146,148,149,146,36205,Tech,0.05,0.01,0.01369863,,
STK2,47:51.2,148,143,150,141,6793,Healthcare,0.02,0.05,-0.033783784,,
STK2,47:51.2,142,139,142,138,49695,Healthcare,0.03,0.01,-0.021126761,,
STK2,47:51.2,146,150,150,146,45859,Energy,0.04,0.04,0.02739726,,
STK2,47:51.2,146,145,146,143,16372,Tech,0.05,0.04,-0.006849315,,
STK2,47:51.2,140,138,142,138,10821,Tech,-0.01,0.04,-0.014285714,,
STK2,47:51.2,144,148,148,144,23005,Healthcare,0.01,0.04,0.027777778,,
STK2,47:51.2,142,138,143,136,6355,Tech,-0.02,0.04,-0.028169014,,
STK2,47:51.2,141,140,141,138,16233,Healthcare,0.01,0.04,-0.007092199,,
STK2,47:51.2,145,147,148,145,28747,Tech,0.03,0.01,0.013793103,,
STK2,47:51.2,148,150,152,147,24554,Healthcare,0.05,0.01,0.013513514,,
STK2,47:51.2,147,147,148,147,9547,Tech,0,0.02,0,,
STK2,47:51.2,148,143,149,142,35441,Tech,0,0.04,-0.033783784,,
STK2,47:51.2,144,144,145,143,9016,Healthcare,0.05,0.01,0,,
STK2,47:51.2,142,142,142,141,25087,Tech,0.01,0.05,0,,
STK2,47:51.2,149,149,149,147,20611,Healthcare,0.03,0.03,0,,
STK2,47:51.2,149,149,149,148,6818,Energy,0.04,0.01,0,,
STK2,47:51.2,145,146,146,145,41992,Energy,0.02,0.02,0.006896552,,
STK2,47:51.2,144,142,144,140,21936,Healthcare,0.04,0.04,-0.013888889,,
STK2,47:51.2,148,150,150,147,46671,Energy,0.03,0.05,0.013513514,,
STK2,47:51.2,141,142,143,140,22607,Tech,0,0.03,0.007092199,,
STK2,47:51.2,143,139,145,137,17616,Tech,0,0.02,-0.027972028,,
STK2,47:51.2,149,152,153,149,47473,Energy,0.02,0.02,0.020134228,,
STK2,47:51.2,144,146,148,142,9682,Tech,0,0.05,0.013888889,,
STK2,47:51.2,147,147,147,145,25734,Tech,0.03,0.04,0,,
STK2,47:51.2,141,140,141,138,36063,Finance,0.01,0.02,-0.007092199,,
STK2,47:51.2,141,145,145,140,28076,Finance,0,0.04,0.028368794,,
STK2,47:51.2,141,145,146,141,45254,Finance,0.02,0.04,0.028368794,,
STK2,47:51.2,147,142,147,140,27956,Finance,0.04,0.02,-0.034013605,,
STK2,47:51.2,145,148,150,143,16449,Finance,0.02,0.02,0.020689655,,
STK2,47:51.2,148,144,150,142,32030,Finance,0.02,0.05,-0.027027027,,
STK2,47:51.2,143,140,143,138,29001,Tech,0.05,0.03,-0.020979021,,
STK2,47:51.2,141,137,143,137,19793,Healthcare,0.03,0.02,-0.028368794,,
STK2,47:51.2,140,141,141,138,37435,Healthcare,0.03,0.04,0.007142857,,
STK2,47:51.2,148,147,149,147,9155,Healthcare,0.02,0.04,-0.006756757,,
STK2,47:51.2,144,146,147,143,21022,Healthcare,0.04,0.02,0.013888889,,
STK2,47:51.2,148,145,148,145,13297,Healthcare,0,0.03,-0.02027027,,
STK2,47:51.2,141,138,141,138,28228,Energy,0.01,0.03,-0.021276596,,
STK2,47:51.2,144,141,146,141,21058,Finance,0,0.04,-0.020833333,,
STK2,47:51.2,143,141,143,139,2105,Healthcare,0.04,0.05,-0.013986014,,
STK2,47:51.2,149,147,151,146,13602,Energy,0.03,0.02,-0.013422819,,
STK2,47:51.2,140,135,141,134,35540,Tech,0.05,0.03,-0.035714286,,
STK2,47:51.2,147,144,147,142,11521,Energy,0,0.02,-0.020408163,,
STK2,47:51.2,146,147,148,146,5557,Healthcare,0.04,0.05,0.006849315,,
STK2,47:51.2,141,139,141,139,40464,Healthcare,0,0.04,-0.014184397,,
STK2,47:51.2,148,146,149,144,46026,Tech,0.01,0.01,-0.013513514,,
STK2,47:51.2,147,145,148,145,20991,Healthcare,0.03,0.02,-0.013605442,,
STK2,47:51.2,148,143,150,143,8415,Healthcare,0.01,0.01,-0.033783784,,
STK2,47:51.2,144,147,147,144,4832,Healthcare,0.02,0.01,0.020833333,,
STK2,47:51.2,149,151,153,147,20540,Tech,0.01,0.05,0.013422819,,
STK2,47:51.2,145,143,146,141,31206,Healthcare,0.03,0.04,-0.013793103,,
STK2,47:51.2,146,150,151,145,36517,Tech,0.03,0.04,0.02739726,,
STK2,47:51.2,148,148,150,147,29884,Finance,0.02,0.04,0,,
STK2,47:51.2,146,150,151,144,31881,Energy,0.02,0.02,0.02739726,,
STK2,47:51.2,149,149,149,149,29483,Healthcare,0,0.04,0,,
STK2,47:51.2,144,143,145,143,39078,Tech,-0.01,0.05,-0.006944444,,
STK2,47:51.2,147,143,149,141,2914,Finance,0.04,0.04,-0.027210884,,
STK2,47:51.2,146,149,149,145,14050,Tech,-0.01,0.02,0.020547945,,
STK2,47:51.2,145,143,145,141,37176,Energy,0.03,0.04,-0.013793103,,
STK2,47:51.2,146,141,146,139,10689,Energy,0.02,0.03,-0.034246575,,
STK2,47:51.2,143,139,143,137,25618,Healthcare,-0.01,0.04,-0.027972028,,
STK2,47:51.2,140,136,140,134,15211,Healthcare,0.03,0.04,-0.028571429,,
STK2,47:51.2,148,143,148,141,19624,Tech,0.03,0.04,-0.033783784,,
STK2,47:51.2,142,139,144,137,2481,Tech,-0.01,0.02,-0.021126761,,
STK2,47:51.2,146,142,147,140,21792,Tech,-0.02,0.02,-0.02739726,,
STK2,47:51.2,146,143,147,141,22074,Energy,-0.02,0.04,-0.020547945,,
STK3,47:51.2,138,133,139,133,27500,Energy,0.01,0.05,-0.036231884,,
STK3,47:51.2,142,145,146,142,40029,Healthcare,0.03,0.02,0.021126761,,
STK3,47:51.2,146,143,147,143,27049,Finance,0.01,0.05,-0.020547945,,
STK3,47:51.2,141,141,143,139,46270,Finance,0.03,0.04,0,,
STK3,47:51.2,145,143,145,142,16166,Finance,0.04,0.01,-0.013793103,,
STK3,47:51.2,147,142,148,141,41505,Tech,0.05,0.03,-0.034013605,,
STK3,47:51.2,139,143,143,139,23192,Healthcare,-0.01,0.03,0.028776978,,
STK3,47:51.2,139,142,144,138,6755,Healthcare,0.03,0.05,0.021582734,,
STK3,47:51.2,144,145,147,144,2518,Finance,-0.02,0.03,0.006944444,,
STK3,47:51.2,141,138,143,136,17193,Finance,0.02,0.04,-0.021276596,,
STK3,47:51.2,143,147,147,143,30231,Finance,0,0.02,0.027972028,,
STK3,47:51.2,139,137,139,135,43137,Tech,-0.01,0.05,-0.014388489,,
STK3,47:51.2,143,140,143,138,35039,Finance,0.02,0.02,-0.020979021,,
STK3,47:51.2,138,133,138,131,18200,Tech,0.01,0.05,-0.036231884,,
STK3,47:51.2,141,144,144,140,13905,Healthcare,0.03,0.05,0.021276596,,
STK3,47:51.2,138,142,143,136,19485,Finance,-0.01,0.04,0.028985507,,
STK3,47:51.2,146,144,146,142,25473,Energy,0.02,0.03,-0.01369863,,
STK3,47:51.2,146,149,150,145,11451,Tech,-0.01,0.02,0.020547945,,
STK3,47:51.2,144,142,146,140,23520,Finance,0,0.02,-0.013888889,,
STK3,47:51.2,145,141,147,140,18568,Energy,0.02,0.02,-0.027586207,,
STK3,47:51.2,144,148,149,143,5370,Healthcare,0.05,0.03,0.027777778,,
STK3,47:51.2,140,144,145,140,2014,Healthcare,0.05,0.02,0.028571429,,
STK3,47:51.2,147,142,147,142,30061,Energy,0.02,0.02,-0.034013605,,
STK3,47:51.2,138,138,138,138,19257,Healthcare,0.04,0.03,0,,
STK3,47:51.2,147,147,148,146,39506,Tech,0.03,0.03,0,,
STK3,47:51.2,143,147,147,143,24299,Finance,0.02,0.01,0.027972028,,
STK3,47:51.2,143,145,147,143,26398,Energy,0.01,0.04,0.013986014,,
STK3,47:51.2,138,138,139,138,6103,Tech,-0.02,0.02,0,,
STK3,47:51.2,142,138,144,136,36436,Energy,0.03,0.01,-0.028169014,,
STK3,47:51.2,142,137,144,136,4606,Tech,0,0.02,-0.035211268,,
STK3,47:51.2,141,143,143,141,47390,Finance,0.04,0.05,0.014184397,,
STK3,47:51.2,141,145,145,140,20238,Healthcare,0.04,0.01,0.028368794,,
STK3,47:51.2,146,146,148,146,19978,Energy,-0.01,0.04,0,,
STK3,47:51.2,147,148,148,145,25527,Energy,0.01,0.01,0.006802721,,
STK3,47:51.2,146,145,148,145,24199,Finance,0.01,0.03,-0.006849315,,
STK3,47:51.2,138,139,139,137,42605,Healthcare,0.02,0.02,0.007246377,,
STK3,47:51.2,138,133,139,131,32135,Finance,0.04,0.01,-0.036231884,,
STK3,47:51.2,140,138,141,138,47313,Healthcare,0,0.02,-0.014285714,,
STK3,47:51.2,143,140,144,138,4453,Healthcare,0.02,0.05,-0.020979021,,
STK3,47:51.2,146,141,147,141,36010,Finance,0.01,0.04,-0.034246575,,
STK3,47:51.2,139,135,141,135,2920,Finance,-0.02,0.05,-0.028776978,,
STK3,47:51.2,138,137,138,137,38158,Healthcare,0.05,0.03,-0.007246377,,
STK3,47:51.2,142,146,146,140,6126,Finance,0.02,0.03,0.028169014,,
STK3,47:51.2,138,133,140,133,33130,Energy,0.04,0.02,-0.036231884,,
STK3,47:51.2,147,150,151,147,34272,Finance,0.04,0.03,0.020408163,,
STK3,47:51.2,140,140,140,138,1717,Tech,-0.01,0.04,0,,
STK3,47:51.2,140,139,141,138,35872,Healthcare,-0.02,0.02,-0.007142857,,
STK3,47:51.2,139,141,142,138,3763,Energy,0.02,0.05,0.014388489,,
STK3,47:51.2,141,144,144,141,37945,Finance,0.02,0.05,0.021276596,,
STK3,47:51.2,141,145,145,139,15162,Energy,0,0.02,0.028368794,,
STK3,47:51.2,144,142,146,140,28769,Energy,0.03,0.01,-0.013888889,,
STK3,47:51.2,139,134,139,132,24675,Finance,0.03,0.03,-0.035971223,,
STK3,47:51.2,146,144,146,143,35660,Healthcare,0.03,0.04,-0.01369863,,
STK3,47:51.2,147,145,147,143,25255,Healthcare,0.03,0.02,-0.013605442,,
STK3,47:51.2,146,146,146,145,44408,Healthcare,0.03,0.03,0,,
STK3,47:51.2,147,145,148,145,23260,Finance,0.03,0.02,-0.013605442,,
STK3,47:51.2,143,145,147,143,41172,Energy,0.04,0.04,0.013986014,,
STK3,47:51.2,147,142,148,141,7539,Energy,0.04,0.04,-0.034013605,,
STK3,47:51.2,138,138,138,136,13226,Finance,0,0.03,0,,
STK3,47:51.2,142,146,147,142,1922,Healthcare,0.04,0.01,0.028169014,,
STK3,47:51.2,142,140,144,138,38701,Healthcare,-0.01,0.04,-0.014084507,,
STK3,47:51.2,138,140,140,138,40486,Finance,-0.02,0.05,0.014492754,,
STK3,47:51.2,140,139,141,138,21143,Finance,0.01,0.02,-0.007142857,,
STK3,47:51.2,145,147,149,145,13742,Healthcare,0.03,0.01,0.013793103,,
STK3,47:51.2,145,140,146,140,45799,Finance,-0.01,0.05,-0.034482759,,
STK3,47:51.2,147,144,147,142,47754,Energy,-0.02,0.03,-0.020408163,,
STK3,47:51.2,138,135,140,133,5594,Finance,0.02,0.02,-0.02173913,,
STK3,47:51.2,142,139,143,138,44469,Healthcare,0.02,0.04,-0.021126761,,
STK3,47:51.2,144,148,150,142,47287,Tech,0.04,0.03,0.027777778,,
STK3,47:51.2,146,144,146,144,5478,Energy,0.01,0.04,-0.01369863,,
STK3,47:51.2,146,144,148,142,23423,Energy,0.05,0.02,-0.01369863,,
STK3,47:51.2,142,141,144,141,36595,Finance,0.03,0.04,-0.007042254,,
STK3,47:51.2,141,141,141,140,15026,Healthcare,0.01,0.04,0,,
STK3,47:51.2,144,144,145,142,26515,Tech,-0.02,0.04,0,,
STK3,47:51.2,146,149,150,145,1917,Energy,0.03,0.04,0.020547945,,
STK3,47:51.2,138,140,141,137,24470,Tech,0.04,0.02,0.014492754,,
STK3,47:51.2,141,137,141,135,8226,Energy,0.01,0.03,-0.028368794,,
STK3,47:51.2,141,141,143,140,6213,Tech,-0.01,0.03,0,,
STK3,47:51.2,143,139,144,138,43570,Healthcare,-0.01,0.03,-0.027972028,,
STK3,47:51.2,141,143,143,140,6021,Tech,0.02,0.05,0.014184397,,
STK3,47:51.2,144,146,148,144,41150,Healthcare,0.04,0.02,0.013888889,,
STK3,47:51.2,140,138,140,137,17848,Energy,0.02,0.03,-0.014285714,,
STK3,47:51.2,142,140,144,140,6750,Healthcare,0.04,0.04,-0.014084507,,
STK3,47:51.2,140,136,141,134,36179,Finance,0,0.03,-0.028571429,,
STK3,47:51.2,143,145,146,141,20539,Energy,0.05,0.02,0.013986014,,
STK3,47:51.2,145,147,149,143,25685,Healthcare,0,0.02,0.013793103,,
STK3,47:51.2,147,148,148,147,18420,Healthcare,0.05,0.02,0.006802721,,
STK3,47:51.2,141,137,142,135,19263,Energy,0,0.01,-0.028368794,,
STK3,47:51.2,144,143,145,142,2447,Healthcare,-0.01,0.03,-0.006944444,,
STK3,47:51.2,144,139,144,137,26566,Finance,0.04,0.01,-0.034722222,,
STK3,47:51.2,145,141,145,140,6208,Healthcare,0.02,0.05,-0.027586207,,
STK3,47:51.2,138,142,144,136,22158,Tech,0.05,0.05,0.028985507,,
STK3,47:51.2,141,145,147,141,15031,Tech,0.01,0.03,0.028368794,,
STK3,47:51.2,140,141,141,138,21527,Finance,-0.01,0.04,0.007142857,,
STK3,47:51.2,146,148,148,146,3032,Tech,0.02,0.04,0.01369863,,
STK3,47:51.2,147,147,149,147,44852,Healthcare,0,0.02,0,,
STK3,47:51.2,145,144,146,142,24963,Energy,-0.01,0.04,-0.006896552,,
STK3,47:51.2,143,143,145,142,48288,Finance,0.01,0.04,0,,
STK3,47:51.2,140,135,142,133,13100,Finance,0.05,0.01,-0.035714286,,
STK3,47:51.2,142,146,148,140,12669,Healthcare,-0.02,0.04,0.028169014,,
STK4,47:51.2,128,126,128,126,43933,Healthcare,0.01,0.02,-0.015625,,
STK4,47:51.2,128,130,131,127,6850,Tech,0.05,0.03,0.015625,,
STK4,47:51.2,137,138,138,137,42115,Tech,0.03,0.03,0.00729927,,
STK4,47:51.2,133,129,135,129,1870,Tech,0.03,0.03,-0.030075188,,
STK4,47:51.2,129,128,130,128,14878,Tech,0.02,0.03,-0.007751938,,
STK4,47:51.2,136,134,137,132,13852,Energy,0.02,0.02,-0.014705882,,
STK4,47:51.2,136,134,136,133,20456,Healthcare,-0.02,0.03,-0.014705882,,
STK4,47:51.2,136,131,136,130,14304,Tech,-0.01,0.05,-0.036764706,,
STK4,47:51.2,128,130,131,127,29810,Energy,-0.01,0.04,0.015625,,
STK4,47:51.2,137,136,137,134,10783,Finance,0.01,0.02,-0.00729927,,
STK4,47:51.2,130,130,130,130,21706,Energy,0,0.01,0,,
STK4,47:51.2,130,126,132,124,42830,Healthcare,0.02,0.04,-0.030769231,,
STK4,47:51.2,135,135,136,134,12382,Tech,0.04,0.04,0,,
STK4,47:51.2,137,132,139,131,30964,Healthcare,0.03,0.03,-0.03649635,,
STK4,47:51.2,131,132,133,129,22689,Healthcare,0,0.01,0.007633588,,
STK4,47:51.2,128,132,133,128,14255,Healthcare,0.01,0.05,0.03125,,
STK4,47:51.2,136,138,140,134,11988,Tech,0.04,0.02,0.014705882,,
STK4,47:51.2,135,135,136,135,10497,Healthcare,0.03,0.03,0,,
STK4,47:51.2,130,132,132,128,20738,Healthcare,0.03,0.03,0.015384615,,
STK4,47:51.2,136,135,137,133,7305,Energy,0.04,0.05,-0.007352941,,
STK4,47:51.2,134,132,136,130,7511,Tech,0.01,0.04,-0.014925373,,
STK4,47:51.2,130,134,134,130,30523,Tech,0.04,0.02,0.030769231,,
STK4,47:51.2,128,126,129,126,28790,Finance,0,0.03,-0.015625,,
STK4,47:51.2,136,135,136,134,17260,Finance,0.04,0.02,-0.007352941,,
STK4,47:51.2,134,132,136,131,13948,Healthcare,0.04,0.03,-0.014925373,,
STK4,47:51.2,130,132,133,129,8347,Tech,-0.01,0.02,0.015384615,,
STK4,47:51.2,132,136,136,132,34078,Tech,-0.01,0.05,0.03030303,,
STK4,47:51.2,132,135,137,131,25000,Healthcare,-0.02,0.04,0.022727273,,
STK4,47:51.2,134,138,138,132,31663,Energy,0.02,0.02,0.029850746,,
STK4,47:51.2,137,140,142,135,32417,Tech,0,0.02,0.02189781,,
STK4,47:51.2,131,134,134,129,22031,Tech,0.02,0.02,0.022900763,,
STK4,47:51.2,137,137,138,137,6454,Tech,-0.01,0.05,0,,
STK4,47:51.2,135,130,135,129,9848,Finance,0.01,0.03,-0.037037037,,
STK4,47:51.2,133,130,134,129,43222,Healthcare,0.04,0.04,-0.022556391,,
STK4,47:51.2,128,127,130,126,14269,Finance,0.03,0.03,-0.0078125,,
STK4,47:51.2,137,136,138,135,42669,Energy,0.03,0.05,-0.00729927,,
STK4,47:51.2,128,131,132,127,15719,Healthcare,-0.01,0.03,0.0234375,,
STK4,47:51.2,130,125,132,123,19323,Healthcare,0.03,0.05,-0.038461538,,
STK4,47:51.2,135,137,137,135,48466,Finance,-0.01,0.02,0.014814815,,
STK4,47:51.2,133,137,138,133,40791,Energy,0.01,0.02,0.030075188,,
STK4,47:51.2,131,135,135,130,14598,Energy,0,0.03,0.030534351,,
STK4,47:51.2,136,137,137,135,37343,Healthcare,0.04,0.04,0.007352941,,
STK4,47:51.2,136,133,137,132,28877,Finance,-0.02,0.04,-0.022058824,,
STK4,47:51.2,134,130,136,129,20094,Tech,-0.02,0.05,-0.029850746,,
STK4,47:51.2,131,132,133,130,20601,Energy,0.01,0.03,0.007633588,,
STK4,47:51.2,132,136,137,130,13734,Energy,0.04,0.04,0.03030303,,
STK4,47:51.2,131,129,131,129,42938,Tech,0.04,0.04,-0.015267176,,
STK4,47:51.2,130,130,130,129,15191,Energy,0,0.05,0,,
STK4,47:51.2,130,133,135,129,48216,Energy,0.05,0.02,0.023076923,,
STK4,47:51.2,130,129,132,127,13317,Tech,-0.01,0.02,-0.007692308,,
STK4,47:51.2,136,140,141,135,26592,Finance,0.01,0.01,0.029411765,,
STK4,47:51.2,136,139,140,134,9307,Healthcare,-0.01,0.02,0.022058824,,
STK4,47:51.2,132,131,133,131,28526,Energy,0,0.02,-0.007575758,,
STK4,47:51.2,129,132,133,128,39965,Energy,-0.02,0.03,0.023255814,,
STK4,47:51.2,129,126,129,124,2881,Healthcare,-0.02,0.04,-0.023255814,,
STK4,47:51.2,137,135,139,134,40553,Finance,0,0.04,-0.01459854,,
STK4,47:51.2,135,136,138,133,13205,Energy,-0.02,0.03,0.007407407,,
STK4,47:51.2,128,123,128,123,38583,Healthcare,0.01,0.02,-0.0390625,,
STK4,47:51.2,132,133,134,131,2094,Tech,0.04,0.04,0.007575758,,
STK4,47:51.2,130,128,132,127,25338,Tech,0.02,0.04,-0.015384615,,
STK4,47:51.2,134,132,134,132,5933,Energy,0.01,0.03,-0.014925373,,
STK4,47:51.2,129,128,130,127,17428,Energy,0.03,0.02,-0.007751938,,
STK4,47:51.2,133,131,134,129,1931,Tech,0,0.03,-0.015037594,,
STK4,47:51.2,133,131,135,129,42107,Tech,0.02,0.01,-0.015037594,,
STK4,47:51.2,132,130,134,129,49714,Tech,-0.01,0.01,-0.015151515,,
STK4,47:51.2,129,133,133,128,47686,Energy,-0.01,0.02,0.031007752,,
STK4,47:51.2,130,133,133,130,36230,Energy,0.05,0.04,0.023076923,,
STK4,47:51.2,131,135,136,130,36131,Healthcare,0.02,0.04,0.030534351,,
STK4,47:51.2,134,133,136,131,32831,Tech,-0.01,0.01,-0.007462687,,
STK4,47:51.2,134,138,140,133,36422,Tech,0.04,0.05,0.029850746,,
STK4,47:51.2,128,127,129,125,22889,Finance,0.04,0.01,-0.0078125,,
STK4,47:51.2,137,139,140,135,8498,Tech,-0.01,0.02,0.01459854,,
STK4,47:51.2,128,128,129,128,30327,Finance,0.02,0.03,0,,
STK4,47:51.2,133,136,136,132,9635,Finance,0,0.04,0.022556391,,
STK4,47:51.2,136,136,137,134,30092,Finance,-0.01,0.03,0,,
STK4,47:51.2,131,127,133,125,23056,Healthcare,0,0.03,-0.030534351,,
STK4,47:51.2,129,131,131,128,46256,Finance,-0.01,0.02,0.015503876,,
STK4,47:51.2,131,132,133,131,47514,Healthcare,0.03,0.03,0.007633588,,
STK4,47:51.2,129,132,133,128,8452,Energy,0.04,0.03,0.023255814,,
STK4,47:51.2,134,136,136,133,20053,Finance,0.04,0.02,0.014925373,,
STK4,47:51.2,129,133,134,128,14731,Finance,0.02,0.04,0.031007752,,
STK4,47:51.2,131,133,133,131,28564,Healthcare,0.02,0.03,0.015267176,,
STK4,47:51.2,134,133,134,131,6581,Energy,-0.02,0.04,-0.007462687,,
STK4,47:51.2,128,129,130,128,15022,Finance,-0.01,0.01,0.0078125,,
STK4,47:51.2,136,136,138,135,41708,Tech,0.04,0.04,0,,
STK4,47:51.2,128,127,130,125,21955,Energy,-0.01,0.01,-0.0078125,,
STK4,47:51.2,135,133,137,133,49328,Tech,-0.01,0.03,-0.014814815,,
STK4,47:51.2,133,129,133,129,38371,Energy,0,0.01,-0.030075188,,
STK4,47:51.2,131,132,134,129,5078,Finance,0.01,0.03,0.007633588,,
STK4,47:51.2,137,134,138,132,19624,Energy,0,0.02,-0.02189781,,
STK4,47:51.2,128,124,128,123,5103,Tech,0.03,0.02,-0.03125,,
STK4,47:51.2,130,129,132,129,36912,Energy,0.04,0.03,-0.007692308,,
STK4,47:51.2,133,136,137,131,43932,Tech,0.04,0.02,0.022556391,,
STK4,47:51.2,131,133,134,130,24154,Finance,0,0.02,0.015267176,,
STK4,47:51.2,136,134,138,132,40346,Healthcare,0.01,0.01,-0.014705882,,
STK4,47:51.2,137,141,143,135,20041,Energy,0,0.03,0.02919708,,
STK4,47:51.2,131,131,131,130,18627,Tech,0.05,0.03,0,,
STK4,47:51.2,131,131,133,129,21746,Energy,0.01,0.02,0,,
STK4,47:51.2,137,137,138,135,12826,Tech,0.02,0.04,0,,
STK4,47:51.2,136,139,139,135,37405,Tech,0.05,0.04,0.022058824,,
STK5,47:51.2,69,73,75,68,48080,Energy,0.04,0.02,0.057971014,,
STK5,47:51.2,71,75,75,70,33284,Energy,-0.01,0.02,0.056338028,,
STK5,47:51.2,65,60,67,59,33157,Healthcare,0.01,0.01,-0.076923077,,
STK5,47:51.2,70,73,75,69,28241,Energy,0.03,0.03,0.042857143,,
STK5,47:51.2,66,70,71,64,37358,Finance,-0.01,0.02,0.060606061,,
STK5,47:51.2,72,76,76,70,22999,Tech,-0.01,0.04,0.055555556,,
STK5,47:51.2,63,58,63,57,2539,Tech,0.02,0.04,-0.079365079,,
STK5,47:51.2,66,61,68,60,46512,Tech,0.02,0.02,-0.075757576,,
STK5,47:51.2,65,63,66,61,6930,Energy,0.02,0.02,-0.030769231,,
STK5,47:51.2,65,63,65,63,38167,Finance,0.03,0.03,-0.030769231,,
STK5,47:51.2,66,66,68,65,7411,Finance,0.01,0.02,0,,
STK5,47:51.2,69,64,71,63,11073,Energy,0,0.03,-0.072463768,,
STK5,47:51.2,70,72,73,68,10316,Finance,0.02,0.05,0.028571429,,
STK5,47:51.2,71,75,75,70,27123,Finance,0.02,0.02,0.056338028,,
STK5,47:51.2,68,67,70,67,2184,Energy,-0.01,0.03,-0.014705882,,
STK5,47:51.2,66,67,67,65,25849,Energy,-0.01,0.03,0.015151515,,
STK5,47:51.2,68,67,69,67,33698,Energy,0.04,0.04,-0.014705882,,
STK5,47:51.2,64,62,64,61,40516,Healthcare,0.02,0.04,-0.03125,,
STK5,47:51.2,68,72,72,66,28832,Tech,0.01,0.05,0.058823529,,
STK5,47:51.2,69,66,71,66,42913,Tech,0.04,0.04,-0.043478261,,
STK5,47:51.2,67,71,71,65,13070,Finance,-0.01,0.03,0.059701493,,
STK5,47:51.2,65,62,66,62,16310,Energy,-0.02,0.03,-0.046153846,,
STK5,47:51.2,65,62,67,61,9531,Energy,0.02,0.01,-0.046153846,,
STK5,47:51.2,70,71,71,68,7477,Tech,-0.01,0.05,0.014285714,,
STK5,47:51.2,69,69,70,69,35581,Healthcare,0.02,0.03,0,,
STK5,47:51.2,72,74,74,72,34073,Healthcare,0.05,0.04,0.027777778,,
STK5,47:51.2,71,69,71,67,15506,Finance,0.03,0.05,-0.028169014,,
STK5,47:51.2,64,60,66,58,39328,Healthcare,0.02,0.03,-0.0625,,
STK5,47:51.2,71,73,73,70,22473,Healthcare,0.05,0.03,0.028169014,,
STK5,47:51.2,70,71,72,70,4340,Tech,-0.01,0.02,0.014285714,,
STK5,47:51.2,64,60,65,58,33113,Energy,0.04,0.01,-0.0625,,
STK5,47:51.2,64,67,69,62,22650,Energy,0,0.04,0.046875,,
STK5,47:51.2,68,70,70,68,22042,Energy,0.05,0.02,0.029411765,,
STK5,47:51.2,68,65,69,63,29379,Healthcare,0.03,0.02,-0.044117647,,
STK5,47:51.2,66,61,66,60,6730,Finance,0.03,0.03,-0.075757576,,
STK5,47:51.2,68,69,70,67,40439,Healthcare,0.03,0.03,0.014705882,,
STK5,47:51.2,70,71,73,69,37948,Finance,0.04,0.05,0.014285714,,
STK5,47:51.2,63,63,65,61,32658,Energy,0.01,0.02,0,,
STK5,47:51.2,64,65,67,64,19324,Tech,-0.01,0.02,0.015625,,
STK5,47:51.2,64,66,68,62,30351,Energy,0,0.04,0.03125,,
STK5,47:51.2,66,66,68,66,5340,Tech,0.01,0.02,0,,
STK5,47:51.2,70,65,72,65,13021,Tech,-0.02,0.04,-0.071428571,,
STK5,47:51.2,64,67,68,63,9488,Finance,0.04,0.02,0.046875,,
STK5,47:51.2,68,64,70,62,2378,Tech,-0.01,0.04,-0.058823529,,
STK5,47:51.2,63,61,63,61,23499,Tech,-0.02,0.04,-0.031746032,,
STK5,47:51.2,64,67,68,64,47994,Energy,0.01,0.04,0.046875,,
STK5,47:51.2,65,68,68,64,38344,Finance,-0.01,0.04,0.046153846,,
STK5,47:51.2,64,60,64,60,42004,Finance,0.02,0.01,-0.0625,,
STK5,47:51.2,71,72,74,70,48645,Tech,-0.01,0.02,0.014084507,,
STK5,47:51.2,66,69,71,64,1515,Energy,0.04,0.02,0.045454545,,
STK5,47:51.2,72,70,72,68,25162,Tech,0.04,0.03,-0.027777778,,
STK5,47:51.2,66,62,68,61,37444,Tech,-0.02,0.04,-0.060606061,,
STK5,47:51.2,71,73,75,69,8533,Healthcare,0.04,0.02,0.028169014,,
STK5,47:51.2,65,64,65,63,13940,Healthcare,0,0.05,-0.015384615,,
STK5,47:51.2,71,69,73,68,33567,Healthcare,-0.01,0.05,-0.028169014,,
STK5,47:51.2,69,68,71,68,45237,Finance,0.03,0.04,-0.014492754,,
STK5,47:51.2,71,67,73,67,38356,Finance,0.05,0.03,-0.056338028,,
STK5,47:51.2,72,73,74,70,44705,Energy,0.01,0.04,0.013888889,,
STK5,47:51.2,67,64,68,62,40867,Energy,0.02,0.05,-0.044776119,,
STK5,47:51.2,70,73,75,70,2515,Energy,0.03,0.02,0.042857143,,
STK5,47:51.2,65,65,67,64,32186,Tech,-0.02,0.03,0,,
STK5,47:51.2,70,67,71,65,2577,Tech,0,0.04,-0.042857143,,
STK5,47:51.2,72,68,72,67,18297,Energy,0.04,0.02,-0.055555556,,
STK5,47:51.2,69,64,70,62,49665,Energy,-0.01,0.02,-0.072463768,,
STK5,47:51.2,65,65,65,64,24474,Finance,-0.01,0.04,0,,
STK5,47:51.2,69,71,73,68,6178,Energy,-0.01,0.04,0.028985507,,
STK5,47:51.2,70,72,73,68,21213,Tech,-0.02,0.04,0.028571429,,
STK5,47:51.2,68,69,71,68,47202,Energy,0.03,0.04,0.014705882,,
STK5,47:51.2,66,65,66,63,17766,Tech,0.01,0.04,-0.015151515,,
STK5,47:51.2,65,63,67,62,9802,Healthcare,0.01,0.04,-0.030769231,,
STK5,47:51.2,63,65,67,62,10265,Finance,0.04,0.01,0.031746032,,
STK5,47:51.2,68,64,70,62,22181,Energy,0.04,0.02,-0.058823529,,
STK5,47:51.2,70,68,70,68,42984,Finance,0.01,0.02,-0.028571429,,
STK5,47:51.2,71,67,72,66,35758,Tech,-0.02,0.01,-0.056338028,,
STK5,47:51.2,71,71,72,69,15645,Finance,-0.01,0.04,0,,
STK5,47:51.2,70,68,70,68,15626,Tech,0.04,0.04,-0.028571429,,
STK5,47:51.2,63,58,64,56,37993,Healthcare,0.02,0.02,-0.079365079,,
STK5,47:51.2,68,63,70,63,23852,Tech,0.04,0.02,-0.073529412,,
STK5,47:51.2,71,70,71,70,2449,Tech,-0.01,0.03,-0.014084507,,
STK5,47:51.2,68,68,69,67,46212,Finance,0.03,0.05,0,,
STK5,47:51.2,69,64,71,64,1215,Healthcare,0.02,0.02,-0.072463768,,
STK5,47:51.2,63,67,67,61,29899,Healthcare,0.05,0.02,0.063492063,,
STK5,47:51.2,69,65,70,65,48116,Healthcare,0.04,0.02,-0.057971014,,
STK5,47:51.2,67,68,68,66,47032,Energy,0.03,0.04,0.014925373,,
STK5,47:51.2,72,68,73,66,35886,Healthcare,0,0.03,-0.055555556,,
STK5,47:51.2,68,68,69,68,40405,Tech,0.04,0.01,0,,
STK5,47:51.2,67,71,72,67,39650,Energy,0.01,0.02,0.059701493,,
STK5,47:51.2,65,65,67,64,30511,Tech,0.05,0.02,0,,
STK5,47:51.2,69,66,70,64,37536,Energy,0,0.02,-0.043478261,,
STK5,47:51.2,68,66,69,66,7568,Finance,-0.01,0.05,-0.029411765,,
STK5,47:51.2,64,65,66,64,35085,Finance,0.03,0.04,0.015625,,
STK5,47:51.2,70,70,72,68,25466,Tech,-0.02,0.05,0,,
STK5,47:51.2,63,61,63,61,36525,Tech,-0.01,0.03,-0.031746032,,
STK5,47:51.2,67,66,69,66,10269,Healthcare,-0.01,0.01,-0.014925373,,
STK5,47:51.2,66,70,72,66,12962,Energy,0.05,0.03,0.060606061,,
STK5,47:51.2,64,62,65,61,14327,Energy,0.02,0.04,-0.03125,,
STK5,47:51.2,64,59,64,58,6269,Healthcare,0.01,0.04,-0.078125,,
STK5,47:51.2,67,71,72,65,18285,Tech,-0.01,0.05,0.059701493,,
STK5,47:51.2,69,73,73,67,11860,Energy,0.01,0.05,0.057971014,,
STK5,47:51.2,64,65,66,64,38711,Energy,0.02,0.03,0.015625,,
STK6,47:51.2,180,177,182,175,36228,Finance,0.01,0.03,-0.016666667,,
STK6,47:51.2,177,174,178,172,44601,Energy,-0.02,0.02,-0.016949153,,
STK6,47:51.2,174,174,176,173,36398,Finance,0.02,0.04,0,,
STK6,47:51.2,171,166,172,164,47270,Energy,0,0.04,-0.029239766,,
STK6,47:51.2,178,181,183,177,34434,Healthcare,-0.01,0.03,0.016853933,,
STK6,47:51.2,172,176,177,170,23641,Energy,0.01,0.02,0.023255814,,
STK6,47:51.2,176,180,180,174,3121,Tech,0.02,0.02,0.022727273,,
STK6,47:51.2,176,179,179,175,16479,Tech,-0.01,0.05,0.017045455,,
STK6,47:51.2,172,175,176,172,20267,Tech,-0.01,0.03,0.01744186,,
STK6,47:51.2,178,182,184,178,3708,Finance,0.04,0.03,0.02247191,,
STK6,47:51.2,171,167,172,167,34324,Finance,-0.01,0.05,-0.023391813,,
STK6,47:51.2,174,170,176,168,23634,Healthcare,-0.02,0.02,-0.022988506,,
STK6,47:51.2,175,176,178,174,15259,Finance,0.01,0.02,0.005714286,,
STK6,47:51.2,171,167,171,165,48553,Tech,0.04,0.03,-0.023391813,,
STK6,47:51.2,171,166,173,164,39762,Tech,0.04,0.02,-0.029239766,,
STK6,47:51.2,174,172,174,171,47854,Finance,0.03,0.04,-0.011494253,,
STK6,47:51.2,176,171,176,171,24817,Finance,0.03,0.03,-0.028409091,,
STK6,47:51.2,177,177,179,177,43317,Energy,-0.01,0.03,0,,
STK6,47:51.2,171,175,175,171,18107,Energy,-0.01,0.03,0.023391813,,
STK6,47:51.2,180,176,181,175,6680,Healthcare,0.05,0.03,-0.022222222,,
STK6,47:51.2,178,174,179,174,8067,Healthcare,-0.02,0.01,-0.02247191,,
STK6,47:51.2,179,180,182,179,48894,Tech,0.04,0.03,0.005586592,,
STK6,47:51.2,174,172,176,171,5994,Energy,0.03,0.04,-0.011494253,,
STK6,47:51.2,174,171,175,171,25813,Finance,0.01,0.02,-0.017241379,,
STK6,47:51.2,172,170,174,169,31429,Tech,0.01,0.03,-0.011627907,,
STK6,47:51.2,173,173,175,173,23884,Healthcare,0,0.04,0,,
STK6,47:51.2,173,177,177,171,27292,Tech,-0.01,0.02,0.023121387,,
STK6,47:51.2,176,171,177,171,2172,Tech,0.02,0.04,-0.028409091,,
STK6,47:51.2,178,175,180,174,25054,Finance,0.03,0.02,-0.016853933,,
STK6,47:51.2,177,173,177,172,46689,Tech,-0.01,0.02,-0.02259887,,
STK6,47:51.2,173,168,175,167,47476,Finance,0.01,0.03,-0.028901734,,
STK6,47:51.2,174,170,174,168,4083,Tech,0.03,0.02,-0.022988506,,
STK6,47:51.2,173,176,178,173,30697,Healthcare,0,0.02,0.01734104,,
STK6,47:51.2,174,178,178,174,42833,Healthcare,0.02,0.04,0.022988506,,
STK6,47:51.2,172,171,173,171,19667,Finance,-0.02,0.05,-0.005813953,,
STK6,47:51.2,177,178,178,177,46465,Finance,0.04,0.04,0.005649718,,
STK6,47:51.2,176,180,182,175,42337,Finance,0.02,0.04,0.022727273,,
STK6,47:51.2,178,175,179,175,22751,Finance,0.02,0.02,-0.016853933,,
STK6,47:51.2,178,173,180,172,25503,Healthcare,-0.01,0.04,-0.028089888,,
STK6,47:51.2,180,184,185,180,41115,Finance,-0.02,0.03,0.022222222,,
STK6,47:51.2,177,173,177,172,42302,Tech,0.03,0.03,-0.02259887,,
STK6,47:51.2,171,170,172,169,32406,Tech,0.01,0.03,-0.005847953,,
STK6,47:51.2,173,169,173,168,38265,Finance,0,0.03,-0.023121387,,
STK6,47:51.2,175,179,181,175,16577,Healthcare,0.02,0.02,0.022857143,,
STK6,47:51.2,179,177,180,175,40121,Tech,0,0.02,-0.011173184,,
STK6,47:51.2,176,171,177,171,14304,Healthcare,-0.01,0.03,-0.028409091,,
STK6,47:51.2,180,180,180,178,3663,Energy,-0.01,0.04,0,,
STK6,47:51.2,172,168,172,168,12221,Healthcare,-0.01,0.04,-0.023255814,,
STK6,47:51.2,180,184,186,179,22691,Tech,0.01,0.05,0.022222222,,
STK6,47:51.2,175,179,179,175,6812,Finance,0,0.02,0.022857143,,
STK6,47:51.2,177,179,181,175,22646,Healthcare,-0.01,0.02,0.011299435,,
STK6,47:51.2,174,178,178,174,23356,Healthcare,0,0.03,0.022988506,,
STK6,47:51.2,177,179,179,175,36450,Healthcare,0,0.05,0.011299435,,
STK6,47:51.2,178,177,179,177,15635,Healthcare,0.01,0.02,-0.005617978,,
STK6,47:51.2,171,174,174,170,20187,Finance,0.02,0.01,0.01754386,,
STK6,47:51.2,172,168,172,166,20049,Tech,0.03,0.02,-0.023255814,,
STK6,47:51.2,180,180,180,180,29742,Healthcare,0.02,0.05,0,,
STK6,47:51.2,173,177,179,173,34422,Finance,0,0.03,0.023121387,,
STK6,47:51.2,176,173,177,172,27627,Energy,0.02,0.04,-0.017045455,,
STK6,47:51.2,179,180,181,179,28586,Tech,0.04,0.02,0.005586592,,
STK6,47:51.2,173,176,178,172,35765,Healthcare,0.01,0.02,0.01734104,,
STK6,47:51.2,172,176,176,171,20177,Tech,-0.01,0.02,0.023255814,,
STK6,47:51.2,178,175,179,174,49885,Energy,-0.02,0.02,-0.016853933,,
STK6,47:51.2,177,177,177,175,47024,Healthcare,0.02,0.01,0,,
STK6,47:51.2,178,180,182,177,42950,Energy,0.01,0.05,0.011235955,,
STK6,47:51.2,173,169,175,169,32099,Finance,0.02,0.04,-0.023121387,,
STK6,47:51.2,174,172,176,171,16728,Finance,0.04,0.05,-0.011494253,,
STK6,47:51.2,171,172,172,169,24595,Energy,0,0.02,0.005847953,,
STK6,47:51.2,174,175,175,174,16504,Finance,0.04,0.04,0.005747126,,
STK6,47:51.2,172,170,174,170,24851,Energy,-0.02,0.01,-0.011627907,,
STK6,47:51.2,172,168,172,166,46833,Healthcare,0.01,0.02,-0.023255814,,
STK6,47:51.2,175,179,180,174,2381,Energy,0.05,0.01,0.022857143,,
STK6,47:51.2,178,173,178,171,4149,Tech,0.03,0.01,-0.028089888,,
STK6,47:51.2,171,170,172,170,36294,Healthcare,0.02,0.03,-0.005847953,,
STK6,47:51.2,173,171,174,171,49780,Finance,0.02,0.03,-0.011560694,,
STK6,47:51.2,171,169,172,168,17645,Tech,0.04,0.02,-0.011695906,,
STK6,47:51.2,175,177,178,173,4443,Healthcare,0.02,0.05,0.011428571,,
STK6,47:51.2,175,177,177,174,15254,Finance,0.05,0.04,0.011428571,,
STK6,47:51.2,171,166,171,164,20881,Tech,0.01,0.03,-0.029239766,,
STK6,47:51.2,179,179,179,177,39867,Healthcare,-0.01,0.04,0,,
STK6,47:51.2,178,179,181,177,39258,Tech,0.02,0.05,0.005617978,,
STK6,47:51.2,171,167,173,165,9695,Energy,0.02,0.03,-0.023391813,,
STK6,47:51.2,174,177,177,172,12182,Finance,0.01,0.04,0.017241379,,
STK6,47:51.2,171,170,173,169,22876,Finance,0.02,0.03,-0.005847953,,
STK6,47:51.2,174,176,176,173,8837,Healthcare,0.04,0.01,0.011494253,,
STK6,47:51.2,174,171,175,171,22560,Energy,0.02,0.02,-0.017241379,,
STK6,47:51.2,178,175,180,175,22120,Energy,-0.02,0.02,-0.016853933,,
STK6,47:51.2,178,175,179,173,37160,Tech,0,0.03,-0.016853933,,
STK6,47:51.2,177,177,178,176,8194,Healthcare,0.04,0.02,0,,
STK6,47:51.2,172,174,175,170,22665,Energy,0.01,0.02,0.011627907,,
STK6,47:51.2,179,182,183,177,14490,Energy,0.02,0.03,0.016759777,,
STK6,47:51.2,174,175,175,173,7378,Finance,0.03,0.02,0.005747126,,
STK6,47:51.2,174,174,176,172,31936,Tech,0.03,0.01,0,,
STK6,47:51.2,180,179,181,178,26957,Healthcare,0.05,0.03,-0.005555556,,
STK6,47:51.2,180,184,184,178,34085,Tech,0.03,0.03,0.022222222,,
STK6,47:51.2,177,178,180,176,34477,Finance,0.02,0.04,0.005649718,,
STK6,47:51.2,172,172,173,172,9177,Healthcare,0,0.02,0,,
STK6,47:51.2,180,177,182,177,47598,Tech,0.02,0.02,-0.016666667,,
STK6,47:51.2,177,179,179,176,27569,Tech,0,0.02,0.011299435,,
STK6,47:51.2,178,178,180,176,24544,Tech,-0.02,0.02,0,,
STK7,47:51.2,78,80,80,77,1845,Tech,0.01,0.04,0.025641026,,
STK7,47:51.2,77,72,79,72,36585,Tech,0.03,0.02,-0.064935065,,
STK7,47:51.2,79,79,81,77,9418,Healthcare,0.01,0.04,0,,
STK7,47:51.2,73,74,76,73,11024,Tech,0.03,0.03,0.01369863,,
STK7,47:51.2,77,81,81,77,4407,Healthcare,0,0.03,0.051948052,,
STK7,47:51.2,74,78,80,73,36654,Tech,0.02,0.04,0.054054054,,
STK7,47:51.2,71,68,73,66,16596,Energy,0,0.05,-0.042253521,,
STK7,47:51.2,73,76,77,72,15799,Tech,0.02,0.02,0.04109589,,
STK7,47:51.2,75,76,78,74,20073,Healthcare,0.03,0.01,0.013333333,,
STK7,47:51.2,70,72,72,70,39176,Finance,0.04,0.02,0.028571429,,
STK7,47:51.2,71,71,72,71,15116,Finance,0.01,0.02,0,,
STK7,47:51.2,79,75,81,75,27639,Finance,0.02,0.03,-0.050632911,,
STK7,47:51.2,71,74,76,71,20830,Healthcare,0.04,0.04,0.042253521,,
STK7,47:51.2,77,81,81,75,11367,Energy,-0.01,0.02,0.051948052,,
STK7,47:51.2,75,74,77,73,37404,Energy,0.01,0.03,-0.013333333,,
STK7,47:51.2,72,75,75,71,38500,Finance,0,0.05,0.041666667,,
STK7,47:51.2,72,74,74,70,7240,Finance,0.03,0.04,0.027777778,,
STK7,47:51.2,74,75,77,73,4117,Finance,-0.02,0.04,0.013513514,,
STK7,47:51.2,71,66,73,64,28938,Energy,0,0.04,-0.070422535,,
STK7,47:51.2,75,73,77,71,18458,Finance,0.04,0.04,-0.026666667,,
STK7,47:51.2,79,78,79,77,2211,Finance,0.04,0.04,-0.012658228,,
STK7,47:51.2,73,73,73,73,20950,Finance,0.04,0.05,0,,
STK7,47:51.2,74,78,78,74,4052,Finance,0.03,0.02,0.054054054,,
STK7,47:51.2,77,76,78,74,33890,Healthcare,-0.02,0.03,-0.012987013,,
STK7,47:51.2,73,75,77,71,17532,Finance,0.03,0.04,0.02739726,,
STK7,47:51.2,79,79,80,79,5551,Healthcare,0.01,0.04,0,,
STK7,47:51.2,75,74,77,73,24380,Healthcare,0.03,0.03,-0.013333333,,
STK7,47:51.2,71,74,74,71,49733,Finance,0.03,0.04,0.042253521,,
STK7,47:51.2,73,71,73,70,42508,Finance,0.05,0.03,-0.02739726,,
STK7,47:51.2,75,75,77,74,11464,Tech,0,0.03,0,,
STK7,47:51.2,77,81,81,75,39826,Healthcare,0.02,0.04,0.051948052,,
STK7,47:51.2,74,78,80,73,13963,Tech,-0.01,0.02,0.054054054,,
STK7,47:51.2,78,81,81,76,43112,Energy,0.02,0.02,0.038461538,,
STK7,47:51.2,75,72,76,72,34332,Finance,-0.02,0.04,-0.04,,
STK7,47:51.2,71,71,71,69,22015,Healthcare,0,0.01,0,,
STK7,47:51.2,70,69,70,68,13392,Energy,0.04,0.04,-0.014285714,,
STK7,47:51.2,77,77,77,76,36660,Tech,-0.02,0.05,0,,
STK7,47:51.2,77,75,79,75,31962,Finance,0.04,0.03,-0.025974026,,
STK7,47:51.2,71,66,73,65,18706,Tech,0.01,0.05,-0.070422535,,
STK7,47:51.2,71,67,73,67,45009,Finance,0.02,0.02,-0.056338028,,
STK7,47:51.2,72,73,73,71,23372,Healthcare,0.03,0.05,0.013888889,,
STK7,47:51.2,76,74,77,74,26251,Healthcare,0.03,0.02,-0.026315789,,
STK7,47:51.2,77,74,78,73,19467,Tech,0.02,0.03,-0.038961039,,
STK7,47:51.2,72,67,72,65,45565,Healthcare,0.03,0.02,-0.069444444,,
STK7,47:51.2,74,72,74,71,38777,Finance,0,0.02,-0.027027027,,
STK7,47:51.2,76,77,77,75,9793,Tech,0.01,0.03,0.013157895,,
STK7,47:51.2,72,75,77,71,23259,Healthcare,0.03,0.05,0.041666667,,
STK7,47:51.2,72,76,78,71,36310,Energy,0.04,0.01,0.055555556,,
STK7,47:51.2,72,71,73,71,25845,Energy,-0.01,0.03,-0.013888889,,
STK7,47:51.2,79,83,84,77,31544,Tech,0.04,0.04,0.050632911,,
STK7,47:51.2,70,68,71,68,33317,Tech,-0.02,0.02,-0.028571429,,
STK7,47:51.2,78,78,79,78,15670,Tech,0,0.03,0,,
STK7,47:51.2,70,71,73,69,27498,Energy,0.04,0.02,0.014285714,,
STK7,47:51.2,75,79,80,74,31974,Healthcare,0.04,0.05,0.053333333,,
STK7,47:51.2,75,73,77,72,37704,Healthcare,0,0.01,-0.026666667,,
STK7,47:51.2,71,70,72,70,26502,Tech,0.05,0.02,-0.014084507,,
STK7,47:51.2,72,68,72,66,21953,Tech,0,0.01,-0.055555556,,
STK7,47:51.2,71,68,72,68,45722,Tech,0.04,0.02,-0.042253521,,
STK7,47:51.2,76,79,80,76,25309,Tech,0.03,0.04,0.039473684,,
STK7,47:51.2,71,67,71,66,47660,Finance,-0.02,0.03,-0.056338028,,
STK7,47:51.2,77,80,81,77,15621,Energy,-0.01,0.03,0.038961039,,
STK7,47:51.2,72,69,73,69,7269,Healthcare,0.01,0.04,-0.041666667,,
STK7,47:51.2,79,74,80,74,10699,Finance,0,0.05,-0.063291139,,
STK7,47:51.2,71,70,72,69,41634,Finance,-0.01,0.04,-0.014084507,,
STK7,47:51.2,77,73,77,71,41050,Healthcare,0.03,0.04,-0.051948052,,
STK7,47:51.2,77,74,79,72,41927,Finance,0.01,0.03,-0.038961039,,
STK7,47:51.2,71,75,75,69,25251,Tech,-0.01,0.05,0.056338028,,
STK7,47:51.2,70,71,73,69,38387,Healthcare,0,0.04,0.014285714,,
STK7,47:51.2,74,69,75,69,36790,Tech,-0.02,0.03,-0.067567568,,
STK7,47:51.2,70,66,71,66,9989,Finance,0.01,0.05,-0.057142857,,
STK7,47:51.2,79,74,79,73,35160,Finance,0.04,0.03,-0.063291139,,
STK7,47:51.2,77,73,79,73,14275,Finance,-0.01,0.02,-0.051948052,,
STK7,47:51.2,79,79,80,78,16605,Finance,0.01,0.05,0,,
STK7,47:51.2,75,72,77,70,30799,Finance,0.05,0.03,-0.04,,
STK7,47:51.2,79,78,81,76,27120,Energy,0.01,0.04,-0.012658228,,
STK7,47:51.2,71,68,72,67,5898,Finance,0.01,0.01,-0.042253521,,
STK7,47:51.2,75,76,76,73,3370,Finance,0.05,0.02,0.013333333,,
STK7,47:51.2,74,71,76,71,7749,Healthcare,0.03,0.04,-0.040540541,,
STK7,47:51.2,71,74,75,71,33463,Healthcare,0,0.03,0.042253521,,
STK7,47:51.2,76,80,81,76,48599,Finance,-0.02,0.02,0.052631579,,
STK7,47:51.2,78,82,82,76,26345,Healthcare,-0.02,0.04,0.051282051,,
STK7,47:51.2,72,74,75,72,13031,Tech,-0.02,0.01,0.027777778,,
STK7,47:51.2,75,79,80,75,44813,Energy,-0.01,0.01,0.053333333,,
STK7,47:51.2,79,79,81,79,2040,Energy,0.03,0.02,0,,
STK7,47:51.2,72,73,74,71,20157,Energy,0.04,0.02,0.013888889,,
STK7,47:51.2,74,71,76,71,38825,Healthcare,0.05,0.02,-0.040540541,,
STK7,47:51.2,74,71,76,69,47422,Tech,-0.02,0.03,-0.040540541,,
STK7,47:51.2,72,68,74,68,45564,Finance,-0.02,0.03,-0.055555556,,
STK7,47:51.2,73,73,74,73,4457,Tech,0.03,0.03,0,,
STK7,47:51.2,78,75,78,75,34586,Tech,0.04,0.03,-0.038461538,,
STK7,47:51.2,78,81,83,76,40243,Finance,-0.01,0.04,0.038461538,,
STK7,47:51.2,78,78,80,78,11707,Energy,-0.01,0.04,0,,
STK7,47:51.2,70,72,73,69,40795,Healthcare,0,0.01,0.028571429,,
STK7,47:51.2,78,80,82,78,38863,Finance,-0.02,0.03,0.025641026,,
STK7,47:51.2,71,69,71,67,41260,Finance,0,0.04,-0.028169014,,
STK7,47:51.2,71,66,72,64,30187,Finance,-0.02,0.02,-0.070422535,,
STK7,47:51.2,72,76,77,72,12926,Tech,-0.01,0.03,0.055555556,,
STK7,47:51.2,78,77,78,75,28626,Tech,0.01,0.03,-0.012820513,,
STK7,47:51.2,72,71,74,71,3513,Energy,0,0.01,-0.013888889,,
STK7,47:51.2,77,73,77,73,2951,Tech,0.03,0.05,-0.051948052,,
STK8,47:51.2,86,88,88,85,1595,Tech,-0.01,0.02,0.023255814,,
STK8,47:51.2,88,92,92,88,38085,Energy,-0.01,0.04,0.045454545,,
STK8,47:51.2,86,90,91,84,29400,Tech,0.05,0.03,0.046511628,,
STK8,47:51.2,84,87,88,82,33408,Finance,-0.01,0.04,0.035714286,,
STK8,47:51.2,89,86,90,84,14280,Energy,0.02,0.02,-0.033707865,,
STK8,47:51.2,85,89,89,84,32225,Finance,-0.01,0.04,0.047058824,,
STK8,47:51.2,91,95,95,90,15567,Healthcare,-0.01,0.02,0.043956044,,
STK8,47:51.2,89,92,94,88,28684,Finance,0.01,0.03,0.033707865,,
STK8,47:51.2,91,89,92,88,31805,Energy,-0.01,0.01,-0.021978022,,
STK8,47:51.2,84,85,86,82,17779,Energy,0,0.03,0.011904762,,
STK8,47:51.2,85,89,90,83,30059,Finance,0.05,0.04,0.047058824,,
STK8,47:51.2,93,90,95,89,9314,Healthcare,0.04,0.04,-0.032258065,,
STK8,47:51.2,90,86,91,85,2737,Energy,0.05,0.02,-0.044444444,,
STK8,47:51.2,86,85,88,84,42034,Energy,-0.01,0.04,-0.011627907,,
STK8,47:51.2,86,86,86,85,18558,Tech,0.04,0.01,0,,
STK8,47:51.2,91,94,94,89,22922,Tech,0.03,0.02,0.032967033,,
STK8,47:51.2,91,88,91,88,41030,Finance,0.04,0.01,-0.032967033,,
STK8,47:51.2,87,83,88,81,25982,Tech,-0.01,0.01,-0.045977011,,
STK8,47:51.2,84,84,86,83,41218,Finance,-0.01,0.01,0,,
STK8,47:51.2,89,85,91,83,10930,Finance,-0.01,0.02,-0.04494382,,
STK8,47:51.2,92,94,96,90,43964,Finance,0.02,0.02,0.02173913,,
STK8,47:51.2,87,91,93,86,8373,Finance,0.04,0.04,0.045977011,,
STK8,47:51.2,89,88,91,88,34760,Tech,0,0.03,-0.011235955,,
STK8,47:51.2,93,96,96,92,20462,Energy,0.01,0.04,0.032258065,,
STK8,47:51.2,90,89,91,88,12907,Finance,0.03,0.03,-0.011111111,,
STK8,47:51.2,90,90,90,88,14163,Energy,0.01,0.05,0,,
STK8,47:51.2,86,88,90,84,28398,Energy,0.04,0.01,0.023255814,,
STK8,47:51.2,93,90,94,90,43098,Finance,-0.01,0.02,-0.032258065,,
STK8,47:51.2,92,90,93,90,16762,Energy,-0.01,0.02,-0.02173913,,
STK8,47:51.2,91,95,97,89,24698,Energy,0.04,0.04,0.043956044,,
STK8,47:51.2,84,88,90,83,6141,Energy,-0.01,0.03,0.047619048,,
STK8,47:51.2,85,85,86,83,24290,Healthcare,0.04,0.05,0,,
STK8,47:51.2,85,88,90,84,47428,Tech,0.04,0.05,0.035294118,,
STK8,47:51.2,91,90,92,90,30294,Finance,-0.01,0.04,-0.010989011,,
STK8,47:51.2,86,81,88,81,47631,Healthcare,0.04,0.03,-0.058139535,,
STK8,47:51.2,92,96,97,92,40287,Energy,0.01,0.05,0.043478261,,
STK8,47:51.2,88,88,89,88,8490,Healthcare,0.03,0.04,0,,
STK8,47:51.2,85,85,87,83,29906,Energy,0.03,0.03,0,,
STK8,47:51.2,89,88,91,87,29511,Energy,0.04,0.02,-0.011235955,,
STK8,47:51.2,87,87,87,87,35592,Healthcare,-0.01,0.03,0,,
STK8,47:51.2,93,92,93,91,37613,Healthcare,0.03,0.02,-0.010752688,,
STK8,47:51.2,87,90,92,86,45553,Tech,0.05,0.03,0.034482759,,
STK8,47:51.2,93,96,96,93,31936,Energy,0.01,0.02,0.032258065,,
STK8,47:51.2,88,92,93,86,18207,Healthcare,0.01,0.04,0.045454545,,
STK8,47:51.2,91,88,91,86,27469,Energy,0.04,0.04,-0.032967033,,
STK8,47:51.2,90,90,90,88,16799,Tech,0,0.05,0,,
STK8,47:51.2,90,91,93,88,38094,Finance,0.01,0.03,0.011111111,,
STK8,47:51.2,92,95,96,92,31028,Energy,-0.01,0.04,0.032608696,,
STK8,47:51.2,84,80,84,78,26692,Finance,0.02,0.02,-0.047619048,,
STK8,47:51.2,91,86,92,86,19120,Energy,0.05,0.05,-0.054945055,,
STK8,47:51.2,92,93,93,92,18438,Tech,0.05,0.05,0.010869565,,
STK8,47:51.2,88,91,93,86,21454,Energy,0.02,0.03,0.034090909,,
STK8,47:51.2,90,89,92,88,9789,Finance,0.03,0.04,-0.011111111,,
STK8,47:51.2,84,79,85,78,22885,Energy,0,0.03,-0.05952381,,
STK8,47:51.2,93,88,95,87,20932,Finance,0.04,0.01,-0.053763441,,
STK8,47:51.2,86,88,89,85,16540,Tech,0.05,0.01,0.023255814,,
STK8,47:51.2,90,85,92,85,11150,Finance,0.04,0.04,-0.055555556,,
STK8,47:51.2,90,86,92,85,25811,Energy,-0.01,0.02,-0.044444444,,
STK8,47:51.2,91,91,91,90,42169,Healthcare,0.03,0.02,0,,
STK8,47:51.2,93,91,94,89,43986,Finance,0.04,0.03,-0.021505376,,
STK8,47:51.2,89,87,89,85,48752,Finance,-0.01,0.03,-0.02247191,,
STK8,47:51.2,89,91,93,87,43317,Energy,-0.01,0.05,0.02247191,,
STK8,47:51.2,89,91,91,87,10850,Finance,0.02,0.01,0.02247191,,
STK8,47:51.2,93,88,94,87,39934,Finance,0.02,0.01,-0.053763441,,
STK8,47:51.2,86,86,87,86,2067,Healthcare,0.03,0.05,0,,
STK8,47:51.2,93,90,94,90,20563,Energy,-0.02,0.05,-0.032258065,,
STK8,47:51.2,87,88,89,85,18221,Energy,0.02,0.04,0.011494253,,
STK8,47:51.2,87,86,87,85,48307,Tech,0.03,0.04,-0.011494253,,
STK8,47:51.2,88,85,90,83,5357,Healthcare,0.01,0.05,-0.034090909,,
STK8,47:51.2,90,85,90,85,28785,Energy,0.01,0.02,-0.055555556,,
STK8,47:51.2,87,86,87,84,26112,Energy,0,0.04,-0.011494253,,
STK8,47:51.2,90,85,92,84,23538,Tech,-0.01,0.04,-0.055555556,,
STK8,47:51.2,87,90,90,85,38458,Finance,0.04,0.02,0.034482759,,
STK8,47:51.2,84,80,86,78,45702,Tech,0,0.04,-0.047619048,,
STK8,47:51.2,85,86,88,85,31794,Finance,0,0.02,0.011764706,,
STK8,47:51.2,85,86,86,85,45624,Tech,-0.02,0.04,0.011764706,,
STK8,47:51.2,89,91,91,89,40873,Tech,0.04,0.05,0.02247191,,
STK8,47:51.2,93,94,94,91,5050,Finance,0.01,0.01,0.010752688,,
STK8,47:51.2,85,82,86,81,21080,Tech,0.05,0.02,-0.035294118,,
STK8,47:51.2,90,93,93,90,39014,Tech,0.02,0.02,0.033333333,,
STK8,47:51.2,84,79,84,79,30011,Tech,-0.02,0.04,-0.05952381,,
STK8,47:51.2,84,85,86,84,3979,Tech,0.04,0.03,0.011904762,,
STK8,47:51.2,92,88,94,87,45932,Healthcare,0,0.04,-0.043478261,,
STK8,47:51.2,89,88,91,88,1665,Energy,0.02,0.03,-0.011235955,,
STK8,47:51.2,91,89,91,89,34837,Healthcare,0.04,0.01,-0.021978022,,
STK8,47:51.2,91,93,95,91,11514,Tech,0.04,0.04,0.021978022,,
STK8,47:51.2,93,89,94,88,7256,Energy,0.03,0.02,-0.043010753,,
STK8,47:51.2,92,94,96,90,27205,Energy,0,0.01,0.02173913,,
STK8,47:51.2,84,86,86,84,17440,Energy,0.01,0.04,0.023809524,,
STK8,47:51.2,92,88,93,87,27986,Healthcare,0.02,0.05,-0.043478261,,
STK8,47:51.2,90,91,93,89,27872,Tech,-0.02,0.04,0.011111111,,
STK8,47:51.2,85,85,85,85,41060,Energy,0.02,0.04,0,,
STK8,47:51.2,89,89,90,87,43089,Tech,0.04,0.02,0,,
STK8,47:51.2,89,93,94,87,6574,Energy,0.04,0.03,0.04494382,,
STK8,47:51.2,85,88,89,85,27751,Energy,0.02,0.01,0.035294118,,
STK8,47:51.2,85,85,87,83,30482,Energy,0.03,0.01,0,,
STK8,47:51.2,87,91,92,85,47136,Finance,0.01,0.02,0.045977011,,
STK8,47:51.2,85,83,85,82,23375,Healthcare,0.01,0.02,-0.023529412,,
STK8,47:51.2,89,93,93,87,43048,Finance,0.01,0.04,0.04494382,,
STK8,47:51.2,88,86,88,84,3196,Healthcare,-0.01,0.05,-0.022727273,,
STK9,47:51.2,163,158,164,157,1864,Healthcare,0.04,0.02,-0.030674847,,
STK9,47:51.2,169,170,170,169,40349,Finance,-0.02,0.02,0.00591716,,
STK9,47:51.2,162,157,164,155,26762,Energy,0.02,0.03,-0.030864198,,
STK9,47:51.2,167,168,169,167,4258,Finance,0,0.04,0.005988024,,
STK9,47:51.2,171,175,177,171,1055,Tech,0.04,0.02,0.023391813,,
STK9,47:51.2,169,170,172,167,12656,Finance,0.01,0.04,0.00591716,,
STK9,47:51.2,170,168,170,166,17940,Healthcare,0.01,0.03,-0.011764706,,
STK9,47:51.2,163,167,169,161,31408,Finance,-0.01,0.03,0.024539877,,
STK9,47:51.2,168,167,168,165,49676,Energy,0.04,0.03,-0.005952381,,
STK9,47:51.2,162,166,167,161,42916,Tech,0.05,0.04,0.024691358,,
STK9,47:51.2,165,161,167,161,44209,Healthcare,-0.01,0.04,-0.024242424,,
STK9,47:51.2,170,166,170,164,7849,Healthcare,-0.01,0.01,-0.023529412,,
STK9,47:51.2,164,167,169,164,32113,Tech,0.04,0.03,0.018292683,,
STK9,47:51.2,164,167,167,164,10721,Finance,0.02,0.03,0.018292683,,
STK9,47:51.2,169,170,170,167,45648,Finance,0.02,0.05,0.00591716,,
STK9,47:51.2,162,157,164,156,8972,Energy,0.05,0.03,-0.030864198,,
STK9,47:51.2,171,169,171,167,10735,Finance,0,0.03,-0.011695906,,
STK9,47:51.2,165,165,167,164,38289,Tech,0.01,0.05,0,,
STK9,47:51.2,171,172,173,171,24616,Energy,0,0.04,0.005847953,,
STK9,47:51.2,171,172,172,170,40291,Finance,0.04,0.03,0.005847953,,
STK9,47:51.2,171,171,171,171,14824,Tech,0.01,0.02,0,,
STK9,47:51.2,168,163,168,162,3956,Finance,-0.01,0.02,-0.029761905,,
STK9,47:51.2,164,159,166,159,13809,Healthcare,0,0.02,-0.030487805,,
STK9,47:51.2,166,166,167,164,19320,Energy,0.04,0.03,0,,
STK9,47:51.2,166,161,167,160,26368,Energy,0.03,0.03,-0.030120482,,
STK9,47:51.2,171,167,173,166,48965,Finance,0,0.04,-0.023391813,,
STK9,47:51.2,163,167,167,163,34351,Healthcare,0.04,0.03,0.024539877,,
STK9,47:51.2,169,173,174,169,20569,Energy,0.01,0.03,0.023668639,,
STK9,47:51.2,166,164,166,163,17184,Finance,-0.01,0.01,-0.012048193,,
STK9,47:51.2,170,167,172,166,24286,Healthcare,0.02,0.03,-0.017647059,,
STK9,47:51.2,165,169,171,163,38008,Energy,0.03,0.01,0.024242424,,
STK9,47:51.2,170,172,174,168,32385,Healthcare,0.04,0.05,0.011764706,,
STK9,47:51.2,171,175,175,169,14358,Tech,0,0.02,0.023391813,,
STK9,47:51.2,170,167,170,167,20230,Tech,0,0.02,-0.017647059,,
STK9,47:51.2,170,166,171,165,48783,Finance,0,0.04,-0.023529412,,
STK9,47:51.2,170,174,176,168,38245,Finance,-0.02,0.05,0.023529412,,
STK9,47:51.2,162,159,163,157,49380,Tech,0.04,0.05,-0.018518519,,
STK9,47:51.2,163,158,164,156,27425,Healthcare,-0.02,0.02,-0.030674847,,
STK9,47:51.2,170,167,172,165,41958,Finance,0,0.04,-0.017647059,,
STK9,47:51.2,164,167,168,163,40828,Healthcare,0.05,0.02,0.018292683,,
STK9,47:51.2,164,163,166,162,42907,Healthcare,0.03,0.03,-0.006097561,,
STK9,47:51.2,167,166,169,166,23908,Tech,0.01,0.02,-0.005988024,,
STK9,47:51.2,171,171,172,171,40462,Healthcare,-0.01,0.01,0,,
STK9,47:51.2,162,166,166,161,37617,Finance,0,0.04,0.024691358,,
STK9,47:51.2,162,160,164,160,20344,Healthcare,-0.01,0.02,-0.012345679,,
STK9,47:51.2,163,158,165,156,10852,Healthcare,0.04,0.04,-0.030674847,,
STK9,47:51.2,166,161,168,160,8146,Tech,0.02,0.03,-0.030120482,,
STK9,47:51.2,163,164,165,162,49940,Finance,0.01,0.01,0.006134969,,
STK9,47:51.2,171,171,172,171,18323,Energy,-0.01,0.03,0,,
STK9,47:51.2,165,165,165,163,28713,Finance,0.02,0.05,0,,
STK9,47:51.2,170,166,170,164,20510,Tech,0.01,0.02,-0.023529412,,
STK9,47:51.2,165,160,166,158,22605,Finance,0.04,0.03,-0.03030303,,
STK9,47:51.2,170,166,172,165,37912,Energy,0.02,0.01,-0.023529412,,
STK9,47:51.2,162,161,164,159,48160,Healthcare,0.01,0.03,-0.00617284,,
STK9,47:51.2,166,167,168,166,43626,Tech,0.04,0.02,0.006024096,,
STK9,47:51.2,163,164,166,161,12663,Tech,0.04,0.01,0.006134969,,
STK9,47:51.2,165,160,166,160,45433,Energy,0.04,0.04,-0.03030303,,
STK9,47:51.2,168,166,168,164,29287,Tech,0,0.03,-0.011904762,,
STK9,47:51.2,170,166,171,166,14886,Healthcare,0,0.03,-0.023529412,,
STK9,47:51.2,170,166,171,164,10304,Energy,0.03,0.01,-0.023529412,,
STK9,47:51.2,162,157,162,155,11055,Tech,0.02,0.05,-0.030864198,,
STK9,47:51.2,168,171,172,167,48537,Healthcare,0.04,0.02,0.017857143,,
STK9,47:51.2,162,166,167,162,30902,Finance,0,0.03,0.024691358,,
STK9,47:51.2,169,170,172,167,29743,Finance,0,0.05,0.00591716,,
STK9,47:51.2,168,163,170,162,49574,Tech,0.02,0.02,-0.029761905,,
STK9,47:51.2,162,157,163,157,49230,Energy,0,0.03,-0.030864198,,
STK9,47:51.2,163,160,163,158,40098,Finance,0,0.01,-0.018404908,,
STK9,47:51.2,170,168,170,168,14662,Healthcare,0,0.02,-0.011764706,,
STK9,47:51.2,163,163,165,163,45135,Healthcare,-0.01,0.05,0,,
STK9,47:51.2,171,171,173,169,26734,Finance,0.03,0.03,0,,
STK9,47:51.2,168,167,170,165,23257,Energy,-0.01,0.03,-0.005952381,,
STK9,47:51.2,169,167,171,167,45774,Finance,0.03,0.01,-0.01183432,,
STK9,47:51.2,169,169,171,168,23745,Finance,0.03,0.01,0,,
STK9,47:51.2,170,166,172,165,3801,Finance,0.02,0.03,-0.023529412,,
STK9,47:51.2,168,168,169,166,15648,Tech,0.02,0.04,0,,
STK9,47:51.2,171,168,173,168,13638,Healthcare,-0.02,0.03,-0.01754386,,
STK9,47:51.2,169,169,170,169,49084,Tech,0,0.04,0,,
STK9,47:51.2,166,166,167,164,28213,Energy,0.02,0.03,0,,
STK9,47:51.2,165,168,168,164,12173,Finance,0.04,0.03,0.018181818,,
STK9,47:51.2,164,167,169,164,29343,Energy,0.01,0.02,0.018292683,,
STK9,47:51.2,169,166,171,166,2754,Finance,-0.01,0.03,-0.017751479,,
STK9,47:51.2,169,165,170,165,10795,Healthcare,-0.01,0.02,-0.023668639,,
STK9,47:51.2,165,169,169,163,32042,Energy,-0.01,0.02,0.024242424,,
STK9,47:51.2,167,171,173,165,3648,Finance,0.02,0.02,0.023952096,,
STK9,47:51.2,168,165,170,165,48780,Energy,0.01,0.02,-0.017857143,,
STK9,47:51.2,164,166,168,163,13646,Finance,-0.01,0.05,0.012195122,,
STK9,47:51.2,164,163,166,161,22702,Energy,0.01,0.04,-0.006097561,,
STK9,47:51.2,169,165,169,163,17679,Finance,-0.01,0.03,-0.023668639,,
STK9,47:51.2,166,169,169,164,34754,Energy,0.05,0.02,0.018072289,,
STK9,47:51.2,171,171,171,171,17105,Healthcare,0.02,0.02,0,,
STK9,47:51.2,162,163,164,162,20642,Energy,0.01,0.02,0.00617284,,
STK9,47:51.2,167,168,169,166,14528,Energy,0.05,0.04,0.005988024,,
STK9,47:51.2,168,166,169,164,16524,Finance,-0.02,0.03,-0.011904762,,
STK9,47:51.2,171,166,171,166,15080,Energy,0,0.05,-0.029239766,,
STK9,47:51.2,171,166,173,165,25815,Tech,0.01,0.02,-0.029239766,,
STK9,47:51.2,167,162,168,161,21684,Finance,0.04,0.01,-0.02994012,,
STK9,47:51.2,163,161,164,159,13612,Finance,0.05,0.04,-0.012269939,,
STK9,47:51.2,168,172,173,167,16184,Finance,0.01,0.04,0.023809524,,
STK9,47:51.2,162,157,163,157,13697,Tech,-0.01,0.03,-0.030864198,,
STK9,47:51.2,170,173,173,170,5151,Tech,0,0.05,0.017647059,,
STK10,47:51.2,156,151,156,151,34439,Finance,0.05,0.02,-0.032051282,,
STK10,47:51.2,149,145,149,145,15267,Finance,0,0.05,-0.026845638,,
STK10,47:51.2,151,147,153,145,39968,Finance,0.04,0.01,-0.026490066,,
STK10,47:51.2,157,152,159,150,9983,Tech,0.05,0.03,-0.031847134,,
STK10,47:51.2,149,144,149,143,39091,Tech,0.02,0.03,-0.033557047,,
STK10,47:51.2,150,150,151,150,30369,Energy,-0.01,0.03,0,,
STK10,47:51.2,156,153,156,153,16700,Finance,0.03,0.05,-0.019230769,,
STK10,47:51.2,151,152,152,149,46167,Healthcare,0.01,0.04,0.006622517,,
STK10,47:51.2,148,145,148,144,24957,Tech,0.03,0.05,-0.02027027,,
STK10,47:51.2,152,147,154,147,21344,Healthcare,0.03,0.02,-0.032894737,,
STK10,47:51.2,157,157,159,156,31782,Healthcare,0,0.04,0,,
STK10,47:51.2,152,148,152,147,14908,Tech,0.04,0.03,-0.026315789,,
STK10,47:51.2,149,153,155,148,10385,Tech,-0.01,0.01,0.026845638,,
STK10,47:51.2,150,148,150,146,37870,Tech,0.03,0.03,-0.013333333,,
STK10,47:51.2,153,149,153,147,38633,Finance,0.02,0.02,-0.026143791,,
STK10,47:51.2,148,149,151,148,13975,Finance,0.02,0.03,0.006756757,,
STK10,47:51.2,152,149,152,147,41409,Finance,0.03,0.02,-0.019736842,,
STK10,47:51.2,148,149,150,147,42924,Energy,0,0.04,0.006756757,,
STK10,47:51.2,157,159,161,157,42616,Energy,0.01,0.03,0.012738854,,
STK10,47:51.2,148,147,150,147,43321,Energy,0,0.02,-0.006756757,,
STK10,47:51.2,157,159,161,157,47585,Healthcare,0.01,0.03,0.012738854,,
STK10,47:51.2,151,146,153,145,33430,Finance,0.03,0.02,-0.033112583,,
STK10,47:51.2,150,149,151,147,28115,Tech,0.04,0.02,-0.006666667,,
STK10,47:51.2,156,151,156,151,48993,Finance,-0.01,0.02,-0.032051282,,
STK10,47:51.2,148,148,150,146,26428,Tech,0,0.04,0,,
STK10,47:51.2,152,156,156,151,24778,Finance,0.02,0.04,0.026315789,,
STK10,47:51.2,154,151,154,151,29149,Energy,0.05,0.04,-0.019480519,,
STK10,47:51.2,148,151,153,147,15379,Healthcare,0.02,0.04,0.02027027,,
STK10,47:51.2,154,151,155,149,27016,Tech,0.04,0.01,-0.019480519,,
STK10,47:51.2,156,151,156,150,39985,Tech,0.04,0.03,-0.032051282,,
STK10,47:51.2,149,147,150,147,21946,Energy,0.03,0.02,-0.013422819,,
STK10,47:51.2,149,144,149,142,15908,Healthcare,0.05,0.04,-0.033557047,,
STK10,47:51.2,154,150,154,148,16456,Tech,0.04,0.05,-0.025974026,,
STK10,47:51.2,151,149,152,149,40032,Tech,0.04,0.02,-0.013245033,,
STK10,47:51.2,148,146,150,145,24039,Finance,0.02,0.02,-0.013513514,,
STK10,47:51.2,152,153,155,151,6206,Finance,0.04,0.02,0.006578947,,
STK10,47:51.2,148,152,152,146,37859,Energy,0.03,0.04,0.027027027,,
STK10,47:51.2,155,151,156,151,26825,Tech,0,0.04,-0.025806452,,
STK10,47:51.2,149,150,152,149,39546,Tech,0,0.03,0.006711409,,
STK10,47:51.2,152,153,154,152,23024,Tech,-0.01,0.01,0.006578947,,
STK10,47:51.2,151,155,155,150,2756,Finance,0.01,0.02,0.026490066,,
STK10,47:51.2,151,149,153,147,44314,Finance,0.01,0.04,-0.013245033,,
STK10,47:51.2,155,150,157,150,1632,Tech,0.02,0.02,-0.032258065,,
STK10,47:51.2,157,159,160,155,30732,Healthcare,0,0.02,0.012738854,,
STK10,47:51.2,155,157,157,154,36157,Finance,0.01,0.03,0.012903226,,
STK10,47:51.2,148,152,153,146,45891,Tech,0.01,0.04,0.027027027,,
STK10,47:51.2,148,145,148,144,12528,Tech,-0.01,0.03,-0.02027027,,
STK10,47:51.2,156,158,159,156,14824,Healthcare,-0.01,0.04,0.012820513,,
STK10,47:51.2,149,144,150,144,15674,Finance,-0.01,0.01,-0.033557047,,
STK10,47:51.2,156,160,160,154,22159,Energy,-0.01,0.03,0.025641026,,
STK10,47:51.2,148,144,148,144,30455,Energy,0.02,0.02,-0.027027027,,
STK10,47:51.2,154,153,156,153,3597,Finance,0,0.03,-0.006493506,,
STK10,47:51.2,148,147,150,147,28916,Healthcare,0.03,0.01,-0.006756757,,
STK10,47:51.2,150,147,150,147,20669,Finance,0.01,0.02,-0.02,,
STK10,47:51.2,149,145,149,143,41794,Healthcare,-0.02,0.03,-0.026845638,,
STK10,47:51.2,150,149,151,147,36862,Energy,0,0.03,-0.006666667,,
STK10,47:51.2,154,154,155,154,13047,Tech,0.01,0.02,0,,
STK10,47:51.2,153,148,155,147,21067,Tech,0,0.03,-0.032679739,,
STK10,47:51.2,155,151,155,149,15677,Energy,0.04,0.04,-0.025806452,,
STK10,47:51.2,148,146,148,146,19526,Tech,-0.01,0.04,-0.013513514,,
STK10,47:51.2,154,156,158,154,7212,Tech,0,0.04,0.012987013,,
STK10,47:51.2,150,149,151,148,49015,Tech,0,0.04,-0.006666667,,
STK10,47:51.2,155,151,156,150,9606,Tech,0.05,0.01,-0.025806452,,
STK10,47:51.2,154,156,158,152,19594,Energy,0.01,0.01,0.012987013,,
STK10,47:51.2,154,150,156,148,46541,Healthcare,0.04,0.01,-0.025974026,,
STK10,47:51.2,156,153,158,151,21622,Tech,0.03,0.03,-0.019230769,,
STK10,47:51.2,157,155,157,155,42632,Tech,0.03,0.04,-0.012738854,,
STK10,47:51.2,155,153,157,151,43549,Healthcare,0.01,0.01,-0.012903226,,
STK10,47:51.2,156,155,156,154,34270,Healthcare,0,0.03,-0.006410256,,
STK10,47:51.2,152,153,155,151,24769,Finance,0.01,0.05,0.006578947,,
STK10,47:51.2,149,146,149,145,4951,Tech,0.04,0.01,-0.020134228,,
STK10,47:51.2,154,149,156,147,34979,Healthcare,-0.01,0.05,-0.032467532,,
STK10,47:51.2,156,160,161,154,39644,Tech,0.02,0.04,0.025641026,,
STK10,47:51.2,155,157,157,154,46278,Healthcare,0.05,0.03,0.012903226,,
STK10,47:51.2,149,152,152,148,10001,Tech,-0.01,0.03,0.020134228,,
STK10,47:51.2,151,154,156,150,35108,Finance,0,0.05,0.01986755,,
STK10,47:51.2,153,149,155,149,30482,Healthcare,0.04,0.05,-0.026143791,,
STK10,47:51.2,149,149,151,147,45472,Tech,0.03,0.03,0,,
STK10,47:51.2,153,148,153,148,9953,Energy,-0.02,0.02,-0.032679739,,
STK10,47:51.2,154,151,154,151,38001,Finance,0.02,0.02,-0.019480519,,
STK10,47:51.2,155,156,157,153,2234,Finance,0.04,0.01,0.006451613,,
STK10,47:51.2,148,145,148,145,38123,Finance,0.03,0.04,-0.02027027,,
STK10,47:51.2,150,150,151,148,39712,Healthcare,-0.01,0.02,0,,
STK10,47:51.2,155,154,155,153,3892,Energy,-0.01,0.01,-0.006451613,,
STK10,47:51.2,149,146,150,146,30414,Tech,0.02,0.03,-0.020134228,,
STK10,47:51.2,156,158,160,156,30754,Healthcare,0.02,0.04,0.012820513,,
STK10,47:51.2,149,144,150,142,49710,Finance,0.02,0.04,-0.033557047,,
STK10,47:51.2,150,153,153,149,8902,Healthcare,-0.02,0.03,0.02,,
STK10,47:51.2,148,145,148,144,11559,Tech,0.01,0.03,-0.02027027,,
STK10,47:51.2,150,154,154,148,5023,Energy,0.04,0.02,0.026666667,,
STK10,47:51.2,153,149,155,149,32017,Tech,0,0.04,-0.026143791,,
STK10,47:51.2,150,149,151,148,2391,Energy,0,0.02,-0.006666667,,
STK10,47:51.2,154,158,160,153,43679,Healthcare,0.01,0.02,0.025974026,,
STK10,47:51.2,157,153,158,151,41392,Energy,0.02,0.04,-0.025477707,,
STK10,47:51.2,154,157,159,154,14262,Finance,-0.02,0.03,0.019480519,,
STK10,47:51.2,153,151,153,150,5261,Finance,0.01,0.03,-0.013071895,,
STK10,47:51.2,150,150,152,148,44626,Finance,0,0.03,0,,
STK10,47:51.2,148,151,153,146,29834,Healthcare,0.03,0.03,0.02027027,,
STK10,47:51.2,154,154,154,152,14844,Healthcare,0.01,0.02,0,,
STK10,47:51.2,150,151,153,150,31846,Healthcare,-0.02,0.02,0.006666667,,
